run	created	published	ref	dur	segs	mode	textgate	veo_fail	clearance_vals
37473132298	-	NO							
37458869618		 YES	고린도전서 10:24	30.0	0	reel(still)	attempts=4 ok=0	veofail=2	7.6%,12.5%,22.6%,26.6%,28.8%,29.9%,
37395513137	-	NO							
37389195546	-	NO							
37385872079	-	NO							
37381016701	-	NO							
37352072609	-	NO							
37332262638	-	NO							
37313165339	-	NO							
37239410570	-	NO							
37233288754	-	NO							
37225964444	-	NO							
37209949057	-	NO							
37203786259	-	NO							
37198885170	-	NO							
37157245782	-	NO							
37151559776	-	NO							
37145732963	-	NO							
37128596545	-	NO							
37121855550	-	NO							
37074932251	-	NO							
37068282777	-	NO							
37058979965	-	NO							
37026713511	-	NO							
